"#CHROM","POS","ID","REF","ALT","QUAL","FILTER","INFO","FORMAT","P15-8.trimed1000"
"DQ657948.1","11375","Sniffles2.INS.24S0","N","GTAAGTACATCAATTGTTTGACACATCAACT","59","GT","PRECISE;SVTYPE=INS;SVLEN=31;END=11375;SUPPORT=677;COVERAGE=611,658,665,671,716;STRAND=+-;AF=1.000;STDEV_LEN=0.291;STDEV_POS=15.784;SUPPORT_LONG=0","GT:GQ:DR:DV","1/1:60:0:677"
"DQ657948.1","16099","Sniffles2.DEL.7ES0","GTGTGTGTGT","N","59","PASS","PRECISE;SVTYPE=DEL;SVLEN=-10;END=16109;SUPPORT=462;COVERAGE=1029,1067,1080,1090,1155;STRAND=+-;AF=0.428;STDEV_LEN=1.432;STDEV_POS=1.496","GT:GQ:DR:DV","0/1:60:617:462"
"DQ657948.1","16099","Sniffles2.DEL.7FS0","GTGTGTGTGTGTGTGTGTGT","N","59","GT","PRECISE;SVTYPE=DEL;SVLEN=-20;END=16119;SUPPORT=58;COVERAGE=1029,1067,1080,1090,1155;STRAND=+-;AF=0.054;STDEV_LEN=2.376;STDEV_POS=1.928","GT:GQ:DR:DV","0/0:60:1021:58"
"DQ657948.1","37879","Sniffles2.INS.2DS0","N","TGTGTGTGTGTGTGTGTGTGTGTGTGTGTGTGTGTGTGTGTGTGTGTGTGTGTGTGTGTGTGTGTGTGTGTGTGTGTG","59","PASS","PRECISE;SVTYPE=INS;SVLEN=78;END=37879;SUPPORT=1234;COVERAGE=2215,2153,2160,2162,2271;STRAND=+-;AF=0.571;STDEV_LEN=2.387;STDEV_POS=0.000;SUPPORT_LONG=0","GT:GQ:DR:DV","0/1:60:926:1234"
"DQ657948.1","85419","Sniffles2.INS.31S0","N","CTCGGCTCCCCCCCCCCCCGCGCACGCGCGCGCGCGCGCGCGCACACACACACACACACACACACACACACACACACACACACACACGCGCGCGCGCGCGCGCGCGCGCGCGCGCGCGCGCGCGCGCGCGCGCGCGCGCGCGCGCGCGCGCGCACACACACACACACACGGGGGGGGGGGGGGGGGGGGGGGGGGGGGGGGGGGGGGCCCCCCCCCCCCCCCCCCCCCCCCCCCCCCGCGCGCGCGCGCACACACACCGCGCGCGCGCGCGCGCGCGCGCGCGCGCACACACACGCGCTCGCACGCGCGCGCGCGCGCGCGCGCACGCGCGCACGCGCGCGCCGCGCACACACACTCACACACACACGTGTGTGTGTGTGTGTGTGTGTGTGTGCGCGCGCACGCGCGCGCGCGCGCGCGCGCGCGCGCGCGCGCGCGCGCGCGCGCGCGCGCGGCGGCGGCGGCGCCCGCGGCGGCGGGGGGGGGGGGGGGGGGGGGGGGGGGGGGGGGGGGACACGCGCGCGCGCGCGCGCGCGCGCGCGCCCCCCCCCCCCCCCCGCGCGCGCGCGCGCCCCTCTCTCTCTCTCTCTCTCTCTCTCTCTGTGTGTGTGTGTGCGCGTGCGCGCCCCCCCCCCCCCCCCCCCCCCCCCCCCCCCCCCCCCCCCCCCCCCCCCCCCCCCCCCCCCCCCCCCCCCCCCCGCGTGTGTGTGTGTGTGTGTGTGTGTGTGTGTGACCGGCCGCCCGCGTGTGTGTGTGTGTGTGTGTGTGTGTGTGTGTGTGTGTGTGTGTGTGTGTCTCTCCCCCCCCCCCCCCCCCCCCCCCCCCCCCCCCCCCCCCCCCCCCCCGCGGGGGGGGGGGGGGGGGGGGGGGGGGGGGGGGGGGGGGGGGGGGGGGGGGGGGGGGGGGGGCCCCCCCCCCCCCCCCCCCCCCCCCCCCCCCCCCCCCCCCCCCCCCCCCCCCCCCCCCCCCCCCCCCCCCCCCCCCCCCCCCCCCCCCCCCCCCCCCCCCCCCCCCCCCCCCCCCCCCCCCCCCCCCCCGCCGCCGCACGCGCCCCCCCCCCCCCCCCCCCCCCCCCCCCCCCCCCCGCGCGCGCACACGCACACGCGCGCGCACACACACGCGCGCGCGCACACACACACACACACACACACACGCGCGCACACACACGGGGGGGGGGGGGGGGGGGCGCGCGCGCACACACGCGCGCGCCCCCCCCCCCCCCCCCGCGCGCGCGCGCGCACACACACACCCCCCCCCCCCCCCCCCCCCCCCCCCCTCGCACGCGCGCGCGCGCGCGCGCGCGCGCGCGCGCGCGCCCCCCCCCCCCCCCCCCCCCGCGCGCGCGCGCGCGCGCGCGCGCGCGCGCGCGCGCGCGCGCGCGCGCGCGCGTGCGCGCGTGTGTGTGTGTGGGGGGGGGGGGGGGGGGGGGGGGGGGGGGGGGGGGGGGGGGGGGGGGGGGGGGGGGGGGGGGGAGACACACACACACACACACACACACACGGGGGGGGGGGGGGGGGGGGGGGGGGGGGGGGGGGGGGGGGGGGGGGGGGGGGGGGGGGGGGGGGGGGGGGGGGGGGGGGGGGGGGGGGGGGGGGGGGGGGGGGGGGGGGGGGGGGGCGCGCGTGTGTGGGGGGGGGGGGGGGGGGGGGGGGGGGGGGGGGGGGGGGGGGGGGGGGGGGGGGGGGGGGGGCGCGCCCCCCCCCCCCCCCCCCCCCCCCCCCCCCCCCCCCCCCCCCCCCCCCCCCCCGGCCGCGGCGGGGCGGCCCCCCCCCCCCCCCCCCCCCCCCCCCCCCCCCCCCCCCCCCCCCCCGCGCGCGCGCGCGCGCGCGCGCGCGCGCGCGCGCGCGCGCGCGCGCGCGCGCGCGCGCGCGCGCGCGCGCGCGCGCGCGCGCGCGCGCGCGCGGGGGGGGGGGGGGGGGGGGGGGGGGGGGGGGGGGGGGGGGGGGGGGGGGGGGGGGGGGGGGGGGGGGGGGGGGGGGGGGGGGGGGGGGGGGGGGGGGGGGGAGAGAGAGAGAGAGAGGGGGGGGGGGGGGGGGGGGGGGCGCGCGCGCGCGCGCGCGCGCGCGCGCGCGCGCGCGCGCGCGCGCGCGCGCGCGCGCGCGCGCGCGCGCGCGCCCCCCCCCCCCCCCCCCCCCCCGTGTGTGTGTGTGTGTGTGTGGGGGGGGGGGGGGGGGGGGGGGGGCGGCGGCGGGGGGGGGGGGGGGGGGGGGGGGGGGGGGGGGGGGGGGGGGGGGGGGGGGGGGGGGGGGGGGGGGGGGGGGGGGGGGGGGGGGGGGGGGGGGGGGGGGGGGGGGGGGGGGGGGGGGGGGGGGGGGGGGGGGGGGGGGGGGGGGGGGGGGGGGGGGGGGGGGGGGGGGGGGGGGGGGGGGGGGGTGTGTGGGCACTCGGCGGCGGCGGCGGCGGCGGGGGGGGGGGGGGGGGGGGGGGGGGGGGGGGGGGGGGGGGGGGGGGGGGGGGGGGGCGCGCGCGCGCGCGCGCGCGCGCGCGCGCGCGCGCGCGCGCGCGCGCGCGCGCGCACACACACACACACACACACACACACACGTGCGCGCACACACACACACACACACACACACACACACACACGGGGGGGGGGGGGGGGGGGGGGGGGGGGGGGGGGGGGGGGGGGGGGGGGGGGGGGGGGGGGGGGGGGGGGGGGGGGGGGGGGGGGGGGGGGGGGGGGGGGGGGGGGGGGGGGGGGGACACACACACACACACACGCACACACACACGCGCGCGCGCGCGCGCGCGCGCGCGCGCGCGCGCGCGCGCGCACGCGCGCACACGCGCGCGCGCGCACACACACACGCGCGCGCGCGCGCGCGCGCGCACACACACACACACACACGCGCGCGCGCGCGCGCACGCACGCGCGCGCGCGCGCGCGCGCGCGCGCGCGCGCGCGCGCGCGCGCGCGCACACACACACACACGCACACGCACACACACGCGCACACACACACACACACACACACACACACACGGGGGGGGGGGGGGGGGGGGGGGGGGGGGGGGGGGGGGGGGGGGGGGGGGGGGGGGGGGGGGGGGGGGGGGGGGGGGGGGGGGGGGGGGGGGGGGGGGGGGGGGGGGGGGGGGGGGGGGGGGGGGGGGGGGGGGGGGGGGGGGGGGGGGGGGGGGGGGGGGGGGGGGGGGGGGGGGGGGGGGGGGGGGGGGGGGGGGGGGGGGGGGGGGGGGGGGGGGGGGGGGGGGGGGGGGGGGGGGGGGGGGGGGGGGGGGGGGGGGGGGGGGGGGGGGGGGGGGGGGGGGGGGGGGGGGTGTGTGTGTGTGTGCACACACACACACACACACACACGCGCGCGCGCCCCCCCCCCCCCCCCCCCCCCCCCCCCCCCCCCCCCCCCCCCCCCCCCCCCCCCCCCCCCCCCCCCCCCCCCCCCCCCCCGGGGGGGGGGGGGGGGGGGGGGGGGGGGGGGGGGGGGGGGGGGGGGGGGGGGGGGGGGGGGGGGGGGGGGGGGGGGGGGGGGGGGGGGGGGGGGGGGGGGGGGGGGGGGGGGGGGGGGGGGGGGGGGGGGGGGGGGGGGGGGGGGGGGGGGGGGGGGGGGGGGGGGGGGGGGGTGCCCCCCCCGCCGCACGCGCACACACACACGCGCACACACACACACACACACACACACACACACACACACACACACACACACACACCCCCCCCCCCCCCCCCCCCCCCCCCCCCCCCCCCCCCCCCCCCCCCCCCCCGAGAGAGAGAGACTGGCACACGCACGCACGCGCGCGCACACACGCACACACACACGCACACACACACGCACACACACACACACACACACACACACATACACCCCCCCCCCCCCCCCCCCCCCGACGGGGGGGGGGGGGGGGGGGGGGGGGGGGGGGGGGGGGGGGGGGGGGGGGGGGGGGGGGGGGGGGGGGGGGGGGGGGGGGGGGGGGGGGGGGGGGGGGGGGGGGGGGGGGGGGGGGGGGGGGGGGGGGGGGGGGGGGGGGGGGGGGGGGGGGGGGGGGGGGGGGGGGGGGGGGGGGGGGGGGGGGGGGGGGGGGGGGGGGGGGGGGGGGGGGGGGGGGGGGGGGGGGGGGGGGGGGGGGGGGGGGGGGGGGGGGGGGGGGGGGGGGGGGGGGGGGGGGGGGGGGGGGGGGGGGGGGGGCGCGTGCGCGCCCCCCCCCCCCCCCCCCCCCCCCCCCCCCGCACACACACACACACACACACACGGGGGGGGGGGGGGGGGGGGGGGGGGGGGGGGGGGGGGGGGGGGGGGGGGGGGGGGGGGGGGGGGGGGGGGGGGGGGGGGGGGGGGGGGGGGGGGGGGGGGGGGGGGGGGGGGGGGGGGGGGGGGGGGGGGGGGGGGGGGGGGGGGGGGGGGGGGGGGGGGGGGGGGGGGGGGGGGGGGGGGGGGGGGGGGGGGGGGGGGGGGGGGGGGGGGGGGGGGGGGGGGGGGGGGGGGGGGGGGGGGGGGGGGGGGGGGGGGGGGGGGGGGGGGGGGGGGGGGGGCCCCCCCCCCCCCCCCCCCCCCCCCCCCCCCCCCCCCCCCCCCCCCCCCCCCCCCCCCCCGCACACACACACACACACACACACACACACACACACACACACACACACACACACACACACACACGCACACGCACACACACACACCCCCCCCCCCCCCCCCCCCCCCGCGCGCGCGCGCGGCGCGCGCGCGCGCGCGCGCGCGCGCGCGCGCGCGCGCGCATACACACACACACACACACACACACGCGCACGCACGCGCGCGTGTGTGTGTGTGTGTGTGCACACACACACACACACGCGCGCACACACACACACACACACACGCGCGCGCGCGCACACACACACGCGCGCACACACACGCACACTCGCACACGCGCGCGCACACACACTCGCGCGCGCACGCACACACACACACACACACACACACCCCCCCCCCCGCGGCGGGGCGCGGCGGCGGCGGCGGCGGCCCCCCCCCCCCCCCGGGCGGCGGCCCCCCCCCCCCCCCCCCCCCCCCCCCCCCCCCCCCCCCCCCCCCCCCCCCCCCCCCCCCCCCCCCCCCCCCCCCCCCCCCCCCCCCCCCCCCCCCCCCCCCCCCCCCCCCCCCCCCCCCCCCCCCCCCGGCGGCGGCGGCGGCGAAAAAAAAAAGACACACGCACGCGCGCGCGCGCGCGCGCGCGCGCGCGCGCGCGCGCGCGCGCGCGCGCGCGCGCGCGCACGCACACACACACACACGCGCCCCCCCCCCCCCCCCCCCCCCCCCCCCCCCCCCCCCCCGCGCGCGCGCGCGCGCGCGCGCGCGCGCGCGCGCGCGCGCGCGCGCGCGCGCGCGCGCGCGCGCGCGCGCGCGCGCGCGCGCGCGCGCGCGCGCGCGCGCGCGCGCGCGCGCGCGCGCGCGCGCGCGCGCGCGCGCGCGCGCGCGCGCGCGCGGGCGCGCGCGCGCGCGCGCGCGCGCGCGCGCGCGCGCGCGCGCGCGCGCGCGCGCGCGCGCGCGCGCGCACACACACGTGTGTGTGTGTGTGTGGGGGGGGGGGGGGGGGGGGGGGGGGGGGGGGGGGGGGGGGGGGGGGGGGGGGGGGCCCCCCCCCCCCCCCCCCCCCCCCCCCCCCCCCCCCCCCCCCCGCGCGCGCGCGCGCGCGCGCGCGCGCGCGCGCGCGCGCGCGCGCGCGCGCGCGCGCGCGCGCGCGCGCGCGCGCGCGCGCGCGCGCGCGCGCGCGCGCGCGCGCGCGCGCGCGCGCGCGCACTGGGGGGGGGGGGGGGGGGGGGGGGGGGGGGGGGGGGGGGGGGGGGGGGGGGGGGGGGGGGGGGGGGGGGGGGGGGGGGGGGGGGGGGGGACACACACACACACACACGCGCGCGCGCGCGCGCGCGCGCGCGCGCGCGCGCACACACACACACACACACGCGCGCGCGCGCGCGCGCGCGCGCGCGCGCGCGCGCGCGCGCGCGCGCCCCCCCCCCCCCCCCCCCCCCCCCCCCCCCCCCCCGGCGGGGGGGGGGGGGGGGGGGGGGGGGGGGGGGGGGGGGGGGGCGCGCGCGCGCACACACACACAGCCCCCCCCCCCCCCCCCCCCCCCCCCCCCCCCCCCCCCCCCCCCCCCCCCCCCCCGCGCGCGCGCGCGCGCGCGCGCGCGCGCGCGCGCGCGCGCGCGCGCGCGCGCGCGCGCGCGCGCGCGCGCGCGCGCGCGCGCGCGCGCGCGCGCGCGCGCGCGCGCGCGCGCGCGCGCGCACCCCCCCCCCCCCCCCCCCCCCCCCCCCCGGGGGGGGGGGGGGGGGGGGGGGGGGGGGGCGCGCGCGCGCGCGCGCACACACACCGCGCGCGCGCGCGCGCGCGCGCGCGCGCGCGCGCGCGCGCGCGCGCGCCTGCGCGCCGCGCGCGCGCCGCTGCGCGCGCGCGCGCGCGCGCGCGCGCGCGCGCGCGCGCGCGCGCGCGCGCGCGCGCGCGCGCGCGCGCGCGCGCGCGCGCGCGGGGGGGGGGGGGGGGGGGGGGGGGGGGGGGGGGGGGGGGGGGGGGGGGGGGGGGGGGGGGGGGGGGGGGGGGCCCCCCCCCCCCCCCCCCCCCCCCCCCCCCCCCCCCCCCCACACGGGGGGGGGGGGGGGGGGGGGGGGGGGGGGGGGGGGGGGGGGGGGGGCTCCCCCCCCCCCCCCCCCCCCCCCCCCCCCCCCCCCCCCCCCCCCCCCCCCCCCCCCCCCCCCCCCCCCCCCCCCCCCCCCCCCCCCCCCCCCCCCCCCCCCCCCCCCCCCCCGCGCGCGCGCGCGCGCGCACACACACACACACACACACACACACGTGTGTGTGTGTGTGTGTGTGCGCGCACACCCCCCCCCCCCCCCCCCCCCCCCCCCCCCCCCCCCCCCCCCCCCCCCCCCCCCCCCCCCCCCCCCCCCCCCCCCCCCCCCCCCCCCCCCCCCCCCCGGGGGGGGGGGGGGGGGGGGGGGGGGGGGGGGGGGGCACGCGCGCGCTCCCCCCCCCCCCCCCCCCCCCCCCCCCCGCCGGCACGACACACGCACGCGCGCGCGCGCGCGCGCGCGGGGGGGGGGGGGGGGGGGGGGGGGGGGGGGGGGGGGGGGGGGGGGGGGGGGGGGGGGGGGGGGGGGGGGGGGGGGGGGGGGGGGGGACACGCGCGCGCGCACACACACACACGCGCGCGCGCGCGCGCACACACACGCGCACGCGCGCACGCGCGCGCGCGCGCACACACACACACACACACACACACGCGCGCGCGGGGGGGGGGGGGGGGGGGGGGGGGGGGGGGGGGGGGGGGGGGGGGGGGGGGGGGGGGGGGGGGGGGGGGGGGGGGGGGGGGGGGGGGGGGGGGGGGGGGGGGGGGGGGGGGGGGGGGTGGGCGGAAGGGGGGGGGGGGGGGGGGGGGGGGGGGGGGGGGGGGGGGGGGGGGGGGGGGGGGGGGGGGGGGGGGGGGGGGGGGGGGGGGGGACAGTGTTGATGCGCGCCTTTTTTTTGGGGGGGGGGGGGGGGGGGGGGGGGGGGGGGGGGGGGGGGGGGGGGGGGGGGGGGGGGGGGGGGGGGGGGGGGGGGGGGGGGGGGGGGGGGGGGGGGGGGGGGGGGGGGGGGGGGGGGCGCTATGTGG","60","PASS","PRECISE;SVTYPE=INS;SVLEN=7568;END=85419;SUPPORT=213;COVERAGE=1978,1970,1966,1957,1981;STRAND=+;AF=0.575;STDEV_LEN=0;STDEV_POS=0;SUPPORT_LONG=212","GT:GQ:DR:DV","0/1:60:836:1130"
"DQ657948.1","122251","Sniffles2.INS.40S0","N","TTCTCTTCTTCTTTTGCATCTCTAAAACACACGCTTTTTCTTTTTTTTTTCCCACACACACATCTCTCTTCTATATATATATATATATACACACACACACACACACACACACACACACACACACACACACACACACACACACACACACACACACACACACACACACACATATATATATATATATATATACATACATATGTATATATATATACATATATACACACACACACACACACACACACACACACACACACACACACACACACACACACACACACACACACACACACATACATACATATATATATATATATACACACTATATACACACACACACACATATATATATATATATATATATATATATATATATATATATATATATATATATGTATGTGTATGTATATATATATATATATATATATATATATATATGTGTGTGTGTGTGTGTGTGTGTGTGGGGGGGGGGGGGGGGGGGGGGGGGGGGGGGGGGGGGGGGGGGGGGGGGGGGGGGGGGGGGGGGGGGGGGGGGGGGGGGGGGGGGGGGGGGGGGGGGGGGGGGGGGGGGGGGGGGGGGGGGGGGGGGGGGGGGGGGGGGGGGGGGGGGGGGGGGGGGGGGGGGGGGGGGGGGGGGGGGGGGGGGGGGGGGGGGGGGGGGGGGGGGGGGGGGGGGGGGGGGGGGGGGGGGGGGGGGGGGGGGGGGGGGGGGGGGGGGGGGGGGGGGGGGGGGGGGGGGGGGGGGGGGGGGGGGGGGGGGGGGGGGGGGGGGGGGGGGGGGGGGGGGGGGGGGGGGGGGGGGGGGGGGGGGGGGGGGGGGGGGGGGGGGGGGGGGGGGGGGGGGGGGGGGGGGGGGGGGGGGGGGGGGGGGGGGGGGGGGGGGGGGGGGGGGGGGGGGGGGGGGGGGGGGGGGGGGGGGGGGGGGGGGGGGGGGGGGGGGGGGGGGGGGGGGGGGGGGGGGGGGGGGGGGGGGGGGGGGGGGGGGGGGGGGGGGGGGGGGGGGGGGGGGGGGGGGGGGCCCCCCCCCCCCCCGCGCGCGCGCGCACACACACACACACACACACACACACACACACACACACACACACACACACACACACACACGTGTGTGTGTGTGTGTGTGTGTGTGTGTGTGTGTGTGTGTGTGTGTGTGTGTGTGCACACACACACACACACACACACACACACACACACACACACACACACACACACACACACACACACACACACACACACACACACACACACACACACACACACACACACACACACACACACACACACACACACACACACACGGGGGGGGGGGGGGGGGGGGGGGGGGGGGGGGGGGGGGGGGGGGGGGGGGGGGGGGGGGGGGGGGGGGGGGCACACACACACACACACACACACACACACACACACACACACACACACACACACACACACACACACACACACACACACACACACACACACACACACACACACACACACACACACACACACACACACACACACACACACACACACACACACACACACACACACACACACACACACACACACACACACACACACACACACACACACACACACACACACACACACACACGGGGGGGGGGGGGGGGGGGGGGGGGGGGGGGGGGGGGGGGGGGGGGGGGGGGGGGGGGGGGGGGGGGGGGGGGGGGGGGGGGGGGGGGGGGGGGGGGGGGGGGGGGGGGGGGGGGGGGGGGGGGGGGGGGGGGGGGGGGGGGGGGGGGGGGGGGGGGGGGGGGGGGGGGGGGGGGGGGGGGGGGGGGGGGGGGGGGGGGGGGGGGGGGGGGGGGGGGGGGGGGGGGGGGGGGGGGGGGGGGGGGGGGGGGGGGGGGGGGGGGGGGGGGGGGGGGGGGGGGGGGGGGGGGGGGGGGGGGGGGGGGGGGGGGGGGGGGGGGGGGGGGGGGGGGGGGGGGGGGGGGGGGGGGGGGGGGGGGGGGGGGGGGGGGGGGGGGGGGGGGGGGGGGGGGGGGGGGGGGGGGGGGGGGGGGGGGGGGGGGGGGGGGGGGGGGGGGGGGGGGGGGGGGGGGGGGGGGGGGGGGGGGGGGGGGGGGGGGGGGGGGGTGTACACACACACACACACACACACACACACACACACACACACACACACACACACACACACACACACACACACACACACACACACACACACACACACACACACACACATATATATATATATATATATATATATATATATATATATATATATATATATATATATATATATATATATATATATATATATATATATATATATATATATATATATATATATGTGTGTGTGTGTGTGTGTATATATATATATATATATATATATATATATATATATATATATATATATATATATATATATATATATATATATATATATATATATATATATATATATATATATATATATATATATATATATATATATATATATATATATATATATATATATATATATATATATATATATATATATATATATATATATATATATATATATATATATATATATATATATATATATATATATATATACACACACACACACGTGATATATATATATATATATATATATATATATGTATATATATATATATATATATATATATATATATTGTGTGTATGTGTGTATATGTATATATATATATGTATATATATATATATATATATATATATATATATATATATATATATATATATATACATATATATATATATATATATATATATATATATATATACATATATATATATATATATATATATATATATATATACCCCCCCCCCCCCCCCCCCCCCCCCCCCCCCCCACACACACACACACACACACACACACACACACACACACACACACACACACACACACACACACACACACACACGTGTGTGTGTGTCTCTCTCTCTGTGTGTATATATATATATATATATATATATATATATATATATATATATATATATACACACACACACACACACACACATATATATATATATATATATATATATATATATATATATATATATATATATATATATATATATATATATATATATATATATATATATATATATATATATATATATATATATATATATATATATATATATATATATATATATATATATATATATATATATATATATATATATATATATATATATATATATATATATATATATATATATATATATATATATATATATATATATATATATATATATATATATATATATATATACACATATATATATATATATATATATATATATATATATATATATATATATATATATATATATATATATATATATAAAAAGGAAGGAAGGAGAGAGAGAGAGAGAGAGAGAGAGAGAGAGAGAGAGAGAGAGAGAGAGAGAGAGAGAGAGAGAGAGAGAGAGAGAGAGAGAGAGAGAGAGAGAGAAAAAAAACGTGTGTGTGTGCGTCACACACACACACACACACACACAAACACACACATACATATATAGAAACACACATACACACACACACACACAAGGCTTGCTCTGTGTGTCTCTCTCTCTTCTGTCTCTGTTTGTGTGTGTGTGTTTTCCTGTGTTCCTTCTTCGCGCGCCTTTCTTCTGTGACGCTGCTTCTTTGTGAAAAAAAAAAAGAGCTTGGGCGTGTGTACAAACACACGGGAGCATGTGTGTGTGTGTGTGTGTGTGTGTTTATTCACACGCTCCCTCTCTCTCTCGCTCTATATACTGTGTGTGTGTCCCCCCCCCTTCCCCCTGTGGGGGGGGGGGGGGGGGGGGGGGGGGGGGGGGGGGGGGGGGGGGGGGGGGGGGGGGGGGGGGTGTGTGTGTGTGTGTGTGGTGGGGGGGGGGGGGGGGGGGAAGAGAGAGAGAGAGAGAGAGAGAGAGAGAGAGAGACACACACACACACACACACACACACACACACACACACACACACACACACACACACACACACACACACACACACACACACACACACACACACACACACACACACACACACACACACACACACACACACACACACACACACACACACACACACACACACACACACACACACACACACACACACACACACACACACACACACACACACACACACACACACACACACACACACACACACACACACACACACACACACACACACACACACACACACACACACACACACACACACACACACACACACACACACACACACACACGTGTGTGTGTGTGTGTGTGTGTGTGTGTGTGTGTGTGTGTGTGTGTGTGTGTGTGTGTGGGGGGGGGGGGGGGGGGGGGGGGGGGGGGGGGGGGGGGGGGGGGGGGGGGGGGGGGGGGGGGGGGGGGGGGGGGGGGGGGGGGGGGGGGTGTTTCTTTCTCGCTGTGTGTGATACTGTGTGTGTGTTTGTTTCTTCTTTTTTTTTTTGTGTGTGTGTATACATACACTGTGTGTGTGTATATATATATATATATATATATATATATATATATATATATATGTGTGTGTGTGTGTGTGTGTGTGTGTGTGTTTCCCCCCCCCCCCCCCCTGACTGTCACTCTGTGAAATACATTTGCCCCCCCCCCCCCCCCCCCCCCCCCCCCCCCCCCCCCCCCCCCCCCCCCCCCCCCCCCCCCCCCCCCCCCCCCCCATATATATATATATATATATATATATGGGGGGGGGGGGGGGGGGGGGGGGGGGGGGGGGGGGGGGGGGGGGGGGGGGGGGGGGGGGGGGGGGGGGGGGGGGGGGGGGGGGGGGGGGGGTGTTTGTTTATTATATATATATATATATATATATATATATATATATGGTGTGTGTGTTTGTTATATATATATATATATATATATATATATATATATATATATATATATATATATATATATATATATATATATATATACATGCGCGTGTGTGTGTGTGTGTGTGTGTGTGTGTGTGTGTGTGTGTGTGTGTGTGTGTGACACACATATATATATATATATATATATATATACAGGTGTGTGTGTGTGTGTGTGTGTCCCCCCCCCCCCCCCCCCCCCCCCCCCCCCCCCCCCCCCCCCCCCCGTGTATATATATATATATATATATATATATATATATATATATATATATATATATATATATATATATATATATATATATATATATATATATATATATATATATATATATATATATATATATATATATACATGTGTGTACATTGTGAAAAAAAAAAAAAAAACATGGCATACGTATACATATGTATCCCCCCTATATATATATATATATATATATATATATATATATATATATATATATATATATATATATATATATATACACACACACACACACACACACACACACACACACACACACACACACACACACACACACACACACACACGGGGGGGGGGGGGGGGGGGGGGGGGGGGGGGGGGGGGGGGGGGGGGGGGGGGGGGGGGGGGGGGGG","60","PASS","PRECISE;SVTYPE=INS;SVLEN=5459;END=122251;SUPPORT=451;COVERAGE=1615,1601,1595,1616,1643;STRAND=+;AF=1.000;STDEV_LEN=0;STDEV_POS=0;SUPPORT_LONG=450","GT:GQ:DR:DV","1/1:60:0:2145"
"DQ657948.1","177568","Sniffles2.DEL.86S0","GAGAGAGAGAGAGAGAGAGAGAGAGAGAGAGAGAGAGAGAGAGAGA","N","59","PASS","PRECISE;SVTYPE=DEL;SVLEN=-46;END=177614;SUPPORT=1615;COVERAGE=1701,1679,1671,1680,1693;STRAND=+-;AF=0.963;STDEV_LEN=2.358;STDEV_POS=3.330","GT:GQ:DR:DV","1/1:60:62:1615"
"DQ657948.1","272771","Sniffles2.INS.3FS0","N","CCCCCCCCCCCCCCCCCCCCCCCCCCCCCCCCCCCCCCCCCCCCCCCCCCCCCCCCCCCCCCCCCCCCCCCCCCCCCCCCCCCCCCCCCCCCCCCCCCCCCCCCCCCCCCCCCCCACACACACACACACACACACACACACACACACACACACACACATTTTTTTTTTTTTTTTTTTTTTTTTTTTTTTTTTTTTTTTTTTTTTTTTTTTTTTTTTTTTTTTTTTTTTTTTTTTTTTTTTTTTTTTTTTTTTTTTTTTTTTTTTTTTTTTTTTTTTTTTTTTTTTTTTTTTTTTTTTTTTTTTTTTTTTTTTTTTTTTTTTTTTTTTTTTTTTTTTTTCATTTTATTTTTATTCCTTTGAAGCCCCCTATGAAAAGGCCACACATACACACACACACACACACACACATACACACACACACACACACACACACACACACACACATACACACACACACACACACACACACACACACACACACACACACACACACACACACACACACACACACACACACACACACACACACACACACACACACACACACACACACACACACACACACACACACACACACACACACACACACACACACACACACACACACACACACACACACACACACACACACACACACACACACACACACACACACACACACACACACACACACACACACACACACACACACACACACACACACACACACACACACACACACACACACACACACACACACACACACACACACACACACACACACCTCTCTCGTGGGGGGGGGGGGGGGGGGGGGGGGGGGGGGGGGGGGGGGGGGGGGGGGGGGGGGGGGGGGGGGGGGGGGGGGGGGGGGGGGGGGGGGGGGGGGGGGGGGGGGGGGGGGGGGGGGGGGGGGGGGGGGGGGGGGGGGGGGGGGGGGGGGGGGGGGGGGGGGGGGGGGGGGGGGGGGGGGGGGGGGGGGGGGGGGGGGGGGGGGGGGGGGGGGGGGGGGGGGGGGGGGGGGGGGGGGGGGGGGGGGGGGGGGGGGGGGGGGGGGGGGGGGGGGGGGGGGGGGGGGGGGGGGGGGGGGGGGGGGGGGGGGGGGGGGGGGGGGGGGGGGGGGGGGGGGGGGGGGGGGGGGGGGGGGGGGGGGGGGGGGGGGGGGTGATGATGATGATGATGATGATGATGATGATGGTGATGGTGATGATGATGGTGGTGGGGGGGGGGGGGGGGGGGGGGGGGGGGGGGGGGGGGGGGGGGGGGGGGGGGGGGGGGGGGGGGGGGGGGGGGGGGGGGGGGGGGGGGGGGGGGGGGGGGGGGGGGGGGGGGGGGGGGGCGCGCGCGCACACACACACGCGCGCGCGCGCGCGCGCGCGCGCGCGCACACACACACGCGCGCGCGCGCGCGCGCGCGCGCGCGCGCGCGCGCGCGCACACGCGCGCGCGCGCGCGCGCGCGCGCGCGCGCGCGCGCGCGCGCGCGCGCGCGCGCGCGCGCGCGCGCGCGCGCGCGCGCGCGCGCGCGCGCGCGCGCGCGCGCGCGCGCGCGCGCGCGCGCGCGCGCGCGCGCGCGCGCGCGCGCGCGCGCGCGCGCGCGCGCGCGCGCGCGCGCGCCGCGCGCGCACACGCTGCCCGCGCGCGCGCGCGCGCGCGCACACACACACACACACACGCACGCGCGCACACACACGCGCGCGCGCGCGCGCGCACGCGCGCGCGCGCGCACGCGCACGCGCGCGCGCGCGCGCGCACACACGCGCGCGCGCGCGCACGCGCACGCGCACGCGCGCGCGCGCACACACGCGCGCGCGCGCGCGCGCGCGCGCGCGCGCGCGCGCGCGCGCAACACACACACACACACACACACACACACACGCGCGCACCTCGCGCGCACACACACACACACACACACACACACACACACACACACACACACACACACACACACACACACACACACACACACACACACACACACACACACACACACACACACACACACACACACACACACACACACACACACACACACACACACACACACACACACACACACACACACACACACACACACACACACACACACACACACACACACACACACACACACACACACACACACACACACACGCTCGCTCGCTCGCTCGCGCGCACACACACACGGGGGGGGGGGGGGGGGGGGGGGGGGGGGGGGGGGGGGGGGGTGCCTACCACCATATACACACACACACACACACACACACACACACACACACACACACACACACACACACACACCACCTACCACGCACACACACACACACACACACACACACACACACACACACACACACACACACACACGCACACACACACACACACACACACACCACCACCACACACACACGCACACACGCACACACGCGCGCGCGCACACACACACACTCCTTTTGCGCCTGCACGCGCGCGCGCGCTTCCGCGCGCGCTCGCGCTCGCGCACACGCCCTGCGCGCGCGCGCGCGCTCGCTCGCTCGCGCGCGCGCTTCCTCGCGCTCGCACACACACACGCGCCCCCCCCCCCCCCCCCCACACACACACACGCGCGCGCGCGCTCGCTCGCTCGCGCACACACACACACACACACACACACACACGCGCGCGCGCGCGGGGGGGGGGGGGGGGGGGGGGGGGGGGGGGGGTGCCCCCCCCCCCCCCCCCCCCCCCCCCCCCCCCCCCCCCCCCCCCCCCCCCCCGGGGGGGGGGGGGGGGGGGGGGGGGGGGGGGGGGGGGGGGGGGGGGGGGGGGGGGGGGGGGGGGGGGGGGGGGGGGGGGGGGGGGGGGGGGGGGGGGGGGGGGGGGGGGGGGGGGGGGGGGGGGGGGGGGGGGGGGGGGGGGGGGGGGGGGGGGGGGGGGGGGGGGGGGGGGGGGGGGGGGGGGGGGGGGGGGGGGGGGGGGGGGGGGGGGGGGGGGGGGGACGCGCGCGCGCTCGCTCGCGCGCGCGCGCGCGCGCGCGCGCCCGCCGCGCGCGCTCGCGCTCGCGCCCGCCACCCCCCCCCCCGCTGCCCCGCGCCCCCCCCCCCCCCCCCCCCCCCCCCCCCCCCCCCCCCCCCCCCCCCCCCCCCCCCCCCCCCCCCCCCCCCCCCCCCCCCCCCCCCCCCCCCCCCCCCCCCCCCCCCCCCCCCCCCCCCCCCCCCCCCCCCCCCCCCCCCCCCCCCCGCGCGCGCGCGCGCGGGGGGGGGGGGGGGGGGGGGGG","60","PASS","PRECISE;SVTYPE=INS;SVLEN=3210;END=272771;SUPPORT=450;COVERAGE=2121,2081,2078,2077,2007;STRAND=+;AF=0.902;STDEV_LEN=0;STDEV_POS=0;SUPPORT_LONG=450","GT:GQ:DR:DV","1/1:60:203:1875"
"DQ657948.1","288776","Sniffles2.DEL.91S0","GTGTGTGTGT","N","59","PASS","PRECISE;SVTYPE=DEL;SVLEN=-10;END=288786;SUPPORT=181;COVERAGE=441,413,412,407,396;STRAND=+-;AF=0.440;STDEV_LEN=1.253;STDEV_POS=1.575","GT:GQ:DR:DV","0/1:60:230:181"
